{"b": {"precision": 0.958904109589041, "recall": 0.9859154929577465, "f1-score": 0.9722222222222222, "support": 71}, "m": {"precision": 0.975609756097561, "recall": 0.9302325581395349, "f1-score": 0.9523809523809524, "support": 43}, "accuracy": 0.9649122807017544, "macro avg": {"precision": 0.9672569328433009, "recall": 0.9580740255486406, "f1-score": 0.9623015873015873, "support": 114}, "weighted avg": {"precision": 0.9652053622194477, "recall": 0.9649122807017544, "f1-score": 0.9647382344750767, "support": 114}}