{"b": {"precision": 0.9577464788732394, "recall": 0.9577464788732394, "f1-score": 0.9577464788732394, "support": 71}, "m": {"precision": 0.9302325581395349, "recall": 0.9302325581395349, "f1-score": 0.9302325581395349, "support": 43}, "accuracy": 0.9473684210526315, "macro avg": {"precision": 0.9439895185063871, "recall": 0.9439895185063871, "f1-score": 0.9439895185063871, "support": 114}, "weighted avg": {"precision": 0.9473684210526315, "recall": 0.9473684210526315, "f1-score": 0.9473684210526315, "support": 114}}